Filename,Title,Keywords,Category,Releases
signal-routing-4k.mp4,AI Automation Signal Routing Workflow,"signal routing,workflow routing,automation pipeline,data packet,connected nodes,decision path,smart routing,event trigger,process map,logic flow,routing engine,workflow engine,system orchestration,network path,digital routing,conditional logic,task routing,node connection,data transfer,artificial intelligence,AI automation,automation,workflow,SaaS,software,technology,digital transformation,business automation,process automation,intelligent automation,machine learning,digital workflow,workflow automation,productivity,efficiency,operations,business process,system,interface,dashboard,user interface,data flow,process,connection,motion graphics,animated explainer,explainer animation,abstract technology,futuristic",19,
inbox-triage-4k.mp4,AI Inbox Triage Automation Workflow,"inbox triage,email automation,message sorting,priority queue,smart inbox,classification,message routing,ticket intake,incoming messages,automated sorting,priority detection,work queue,customer request,task classification,communication workflow,queue management,smart filter,triage system,inbox workflow,artificial intelligence,AI automation,automation,workflow,SaaS,software,technology,digital transformation,business automation,process automation,intelligent automation,machine learning,digital workflow,workflow automation,productivity,efficiency,operations,business process,system,interface,dashboard,user interface,data flow,process,connection,motion graphics,animated explainer,explainer animation,abstract technology,futuristic",19,
data-enrichment-4k.mp4,AI Data Enrichment Automation Workflow,"data enrichment,record enrichment,data processing,structured data,data attributes,record update,information enhancement,data pipeline,data transformation,data quality,data augmentation,database workflow,record matching,business data,data normalization,attribute mapping,data operations,enriched records,information workflow,artificial intelligence,AI automation,automation,workflow,SaaS,software,technology,digital transformation,business automation,process automation,intelligent automation,machine learning,digital workflow,workflow automation,productivity,efficiency,operations,business process,system,interface,dashboard,user interface,data flow,process,connection,motion graphics,animated explainer,explainer animation,abstract technology,futuristic",19,
document-extraction-4k.mp4,AI Document Extraction Automation,"document extraction,document processing,data extraction,field extraction,document automation,text extraction,structured fields,form processing,content parsing,data capture,document workflow,information extraction,document analysis,record creation,digital document,automated parsing,data entry automation,field mapping,document intelligence,artificial intelligence,AI automation,automation,workflow,SaaS,software,technology,digital transformation,business automation,process automation,intelligent automation,machine learning,digital workflow,workflow automation,productivity,efficiency,operations,business process,system,interface,dashboard,user interface,data flow,process,connection,motion graphics,animated explainer,explainer animation,abstract technology,futuristic",19,
support-escalation-4k.mp4,AI Support Escalation Workflow,"support escalation,customer support,ticket escalation,support workflow,service automation,case routing,customer service,priority support,help desk,ticket workflow,issue classification,case management,service desk,support queue,request routing,escalation path,complex case,support operations,ticket triage,artificial intelligence,AI automation,automation,workflow,SaaS,software,technology,digital transformation,business automation,process automation,intelligent automation,machine learning,digital workflow,workflow automation,productivity,efficiency,operations,business process,system,interface,dashboard,user interface,data flow,process,connection,motion graphics,animated explainer,explainer animation,abstract technology,futuristic",19,
human-approval-gate-4k.mp4,Human Approval Gate in AI Workflow,"human approval,approval workflow,approval gate,human in the loop,review checkpoint,manual review,decision approval,workflow pause,approval process,review process,risk control,governance workflow,compliance check,human oversight,decision gate,approval request,review queue,controlled automation,authorization,artificial intelligence,AI automation,automation,workflow,SaaS,software,technology,digital transformation,business automation,process automation,intelligent automation,machine learning,digital workflow,workflow automation,productivity,efficiency,operations,business process,system,interface,dashboard,user interface,data flow,process,connection,motion graphics,animated explainer,explainer animation,abstract technology,futuristic",19,
browser-task-runner-4k.mp4,AI Browser Task Runner Workflow,"browser automation,task runner,web automation,browser workflow,automated browsing,web task,interface automation,digital task,web process,task execution,browser agent,web agent,automated steps,web workflow,screen interaction,form automation,process runner,digital operations,task sequence,artificial intelligence,AI automation,automation,workflow,SaaS,software,technology,digital transformation,business automation,process automation,intelligent automation,machine learning,digital workflow,workflow automation,productivity,efficiency,operations,business process,system,interface,dashboard,user interface,data flow,process,connection,motion graphics,animated explainer,explainer animation,abstract technology,futuristic",19,
data-sync-bridge-4k.mp4,AI Data Sync Bridge Workflow,"data sync,system integration,data bridge,software integration,synchronization,bidirectional sync,data transfer,system connection,integration workflow,sync process,connected systems,data exchange,data connector,integration automation,record sync,platform integration,system interoperability,data movement,sync workflow,artificial intelligence,AI automation,automation,workflow,SaaS,software,technology,digital transformation,business automation,process automation,intelligent automation,machine learning,digital workflow,workflow automation,productivity,efficiency,operations,business process,system,interface,dashboard,user interface,data flow,process,connection,motion graphics,animated explainer,explainer animation,abstract technology,futuristic",19,
scheduled-agent-4k.mp4,Scheduled AI Agent Automation Workflow,"scheduled agent,scheduled automation,time trigger,automation schedule,agent workflow,task scheduler,recurring task,scheduled task,timer workflow,periodic automation,time based trigger,background agent,agent execution,automatic task,workflow schedule,routine automation,scheduled process,task cycle,automation timing,artificial intelligence,AI automation,automation,workflow,SaaS,software,technology,digital transformation,business automation,process automation,intelligent automation,machine learning,digital workflow,workflow automation,productivity,efficiency,operations,business process,system,interface,dashboard,user interface,data flow,process,connection,motion graphics,animated explainer,explainer animation,abstract technology,futuristic",19,
multi-agent-4k.mp4,Multi Agent AI Orchestration Workflow,"multi agent,agent orchestration,AI agents,agent coordination,distributed workflow,specialized agents,collaborative automation,agent network,orchestration workflow,parallel tasks,agent system,task delegation,agent collaboration,coordinated agents,automation orchestration,parallel workflow,intelligent agents,agent routing,multi agent system,artificial intelligence,AI automation,automation,workflow,SaaS,software,technology,digital transformation,business automation,process automation,intelligent automation,machine learning,digital workflow,workflow automation,productivity,efficiency,operations,business process,system,interface,dashboard,user interface,data flow,process,connection,motion graphics,animated explainer,explainer animation,abstract technology,futuristic",19,
